problem_id,n_vars,n_clauses,n_literals,max_lits,label,status,satisfied_count,elapsed_sec,matched_label,verified,nodes,shallow_bt,deep_bt,evals,max_depth
1,4,5,8,2,U,UNSAT,4,1.907115802168846e-05,True,,1,0,1,2,1
2,6,7,12,2,U,UNSAT,6,1.4496035873889923e-05,True,,1,0,1,2,1
3,8,9,16,2,U,UNSAT,8,1.3103708624839783e-05,True,,1,0,1,2,1
4,10,11,20,2,U,UNSAT,10,1.4250632375478745e-05,True,,1,0,1,2,1
5,12,13,24,2,U,UNSAT,12,1.420406624674797e-05,True,,1,0,1,2,1
6,14,15,28,2,U,UNSAT,14,1.5482772141695023e-05,True,,1,0,1,2,1
7,16,17,32,2,U,UNSAT,16,1.5832949429750443e-05,True,,1,0,1,2,1
8,18,19,36,2,U,UNSAT,18,2.244533970952034e-05,True,,1,0,1,2,1
9,20,21,40,2,U,UNSAT,20,1.7486046999692917e-05,True,,1,0,1,2,1
