c	1	2	U			
p	cnf	4	5			
4	0					
-4	0					
1	-1	0				
2	-2	0				
3	-3	0				
c	2	2	U			
p	cnf	6	7			
6	0					
-6	0					
1	-1	0				
2	-2	0				
3	-3	0				
4	-4	0				
5	-5	0				
c	3	2	U			
p	cnf	8	9			
8	0					
-8	0					
1	-1	0				
2	-2	0				
3	-3	0				
4	-4	0				
5	-5	0				
6	-6	0				
7	-7	0				
c	4	2	U			
p	cnf	10	11			
10	0					
-10	0					
1	-1	0				
2	-2	0				
3	-3	0				
4	-4	0				
5	-5	0				
6	-6	0				
7	-7	0				
8	-8	0				
9	-9	0				
c	5	2	U			
p	cnf	12	13			
12	0					
-12	0					
1	-1	0				
2	-2	0				
3	-3	0				
4	-4	0				
5	-5	0				
6	-6	0				
7	-7	0				
8	-8	0				
9	-9	0				
10	-10	0				
11	-11	0				
c	6	2	U			
p	cnf	14	15			
14	0					
-14	0					
1	-1	0				
2	-2	0				
3	-3	0				
4	-4	0				
5	-5	0				
6	-6	0				
7	-7	0				
8	-8	0				
9	-9	0				
10	-10	0				
11	-11	0				
12	-12	0				
13	-13	0				
c	7	2	U			
p	cnf	16	17			
16	0					
-16	0					
1	-1	0				
2	-2	0				
3	-3	0				
4	-4	0				
5	-5	0				
6	-6	0				
7	-7	0				
8	-8	0				
9	-9	0				
10	-10	0				
11	-11	0				
12	-12	0				
13	-13	0				
14	-14	0				
15	-15	0				
c	8	2	U			
p	cnf	18	19			
18	0					
-18	0					
1	-1	0				
2	-2	0				
3	-3	0				
4	-4	0				
5	-5	0				
6	-6	0				
7	-7	0				
8	-8	0				
9	-9	0				
10	-10	0				
11	-11	0				
12	-12	0				
13	-13	0				
14	-14	0				
15	-15	0				
16	-16	0				
17	-17	0				
c	9	2	U			
p	cnf	20	21			
20	0					
-20	0					
1	-1	0				
2	-2	0				
3	-3	0				
4	-4	0				
5	-5	0				
6	-6	0				
7	-7	0				
8	-8	0				
9	-9	0				
10	-10	0				
11	-11	0				
12	-12	0				
13	-13	0				
14	-14	0				
15	-15	0				
16	-16	0				
17	-17	0				
18	-18	0				
19	-19	0				
