problem_id,n_vars,n_clauses,n_literals,label,status,satisfied_count,elapsed_sec,matched_label
1,4,10,20,U,UNSAT,8,4.6573986764997244e-05,True
2,4,10,20,S,SAT,10,3.0183990020304918e-05,True
3,4,10,20,U,UNSAT,8,3.174500307068229e-05,True
4,4,10,20,S,SAT,10,4.586006980389357e-06,True
5,4,10,20,S,SAT,10,2.5843968614935875e-05,True
6,4,10,20,S,SAT,10,2.2953958250582218e-05,True
7,4,10,20,S,SAT,10,2.4830223992466927e-06,True
8,4,10,20,U,UNSAT,9,3.0153023544698954e-05,True
9,4,10,20,U,UNSAT,9,2.9432994779199362e-05,True
10,4,10,20,U,UNSAT,9,3.4562021028250456e-05,True
11,8,16,32,U,UNSAT,15,0.0006582849891856313,True
12,8,16,32,U,UNSAT,15,0.0006478890427388251,True
13,8,16,32,S,SAT,16,0.00021514896070584655,True
14,8,16,32,S,SAT,16,0.0006545460200868547,True
15,8,16,32,U,UNSAT,15,0.0006685080006718636,True
16,8,16,32,U,UNSAT,14,0.0006708669825457036,True
17,8,16,32,S,SAT,16,0.0001690110075287521,True
18,8,16,32,U,UNSAT,15,0.0006845570169389248,True
19,8,16,32,S,SAT,16,0.00027005199808627367,True
20,8,16,32,S,SAT,16,0.0006413909723050892,True
21,12,24,48,S,SAT,24,0.004082038009073585,True
22,12,24,48,S,SAT,24,0.0032182050053961575,True
23,12,24,48,U,UNSAT,22,0.014652045036200434,True
24,12,24,48,U,UNSAT,22,0.014531538006849587,True
25,12,24,48,S,SAT,24,0.0007522529922425747,True
26,12,24,48,U,UNSAT,23,0.014772135007660836,True
27,12,24,48,U,UNSAT,22,0.01462196500506252,True
28,12,24,48,S,SAT,24,0.013105596997775137,True
29,12,24,48,U,UNSAT,23,0.014653295977041125,True
30,12,24,48,S,SAT,24,0.007224046974442899,True
31,16,32,64,S,SAT,32,0.02930599998217076,True
32,16,32,64,U,UNSAT,31,0.29729196801781654,True
33,16,32,64,S,SAT,32,0.2820063949911855,True
34,16,32,64,S,SAT,32,0.25232922402210534,True
35,16,32,64,U,UNSAT,30,0.2989313119906001,True
36,16,32,64,S,SAT,32,0.2718061259947717,True
37,16,32,64,U,UNSAT,31,0.29689501697430387,True
38,16,32,64,U,UNSAT,31,0.296847439953126,True
39,16,32,64,S,SAT,32,0.08843026298563927,True
40,16,32,64,U,UNSAT,31,0.29689324798528105,True
41,18,36,72,U,UNSAT,34,1.314248371985741,True
42,18,36,72,U,UNSAT,35,1.3074340799939819,True
43,18,36,72,U,UNSAT,33,1.3163426810060628,True
44,18,36,72,U,UNSAT,35,1.3077357840375043,True
45,18,36,72,U,UNSAT,35,1.3103243649820797,True
46,18,36,72,U,UNSAT,35,1.3034240909619257,True
47,18,36,72,U,UNSAT,35,1.3075357950292528,True
48,18,36,72,S,SAT,36,0.10349724197294563,True
49,18,36,72,U,UNSAT,35,1.3066294370219111,True
50,18,36,72,S,SAT,36,0.006580804008990526,True
51,20,40,80,U,UNSAT,39,5.719735453021713,True
52,20,40,80,U,UNSAT,39,5.846148101030849,True
53,20,40,80,S,SAT,40,3.3422109069651924,True
54,20,40,80,U,UNSAT,39,5.676644764025696,True
55,20,40,80,U,UNSAT,38,5.676420357020106,True
56,20,40,80,U,UNSAT,38,5.744517054001335,True
57,20,40,80,U,UNSAT,38,5.7605471379938535,True
58,20,40,80,S,SAT,40,2.436410639958922,True
59,20,40,80,U,UNSAT,37,5.753482579952106,True
60,20,40,80,S,SAT,40,0.7211352809681557,True
61,22,44,88,S,SAT,44,4.742431416991167,True
62,22,44,88,U,TIMEOUT,,15,False
63,22,44,88,U,TIMEOUT,,15,False
64,22,44,88,U,TIMEOUT,,15,False
65,22,44,88,U,TIMEOUT,,15,False
66,22,44,88,U,TIMEOUT,,15,False
67,22,44,88,U,TIMEOUT,,15,False
68,22,44,88,U,TIMEOUT,,15,False
69,22,44,88,U,TIMEOUT,,15,False
70,22,44,88,U,TIMEOUT,,15,False
71,24,48,96,S,SAT,48,2.8196328640333377,True
72,24,48,96,U,TIMEOUT,,15,False
73,24,48,96,U,TIMEOUT,,15,False
74,24,48,96,S,TIMEOUT,,15,False
75,24,48,96,U,TIMEOUT,,15,False
76,24,48,96,U,TIMEOUT,,15,False
77,24,48,96,U,TIMEOUT,,15,False
78,24,48,96,U,TIMEOUT,,15,False
79,24,48,96,U,TIMEOUT,,15,False
80,24,48,96,S,TIMEOUT,,15,False
81,4,20,60,U,UNSAT,19,5.256099393591285e-05,True
82,4,20,60,S,SAT,20,7.80599657446146e-06,True
83,4,20,60,S,SAT,20,2.3382017388939857e-05,True
84,4,20,60,S,SAT,20,2.6239024009555578e-05,True
85,4,20,60,U,UNSAT,19,5.037500523030758e-05,True
86,4,20,60,S,SAT,20,3.744900459423661e-05,True
87,4,20,60,U,UNSAT,19,5.111098289489746e-05,True
88,4,20,60,U,UNSAT,19,5.1215989515185356e-05,True
89,4,20,60,U,UNSAT,19,5.044002318754792e-05,True
90,4,20,60,S,SAT,20,1.8928025383502245e-05,True
91,8,40,120,S,SAT,40,0.0008514089859090745,True
92,8,40,120,S,SAT,40,5.416502244770527e-05,True
93,8,40,120,S,SAT,40,0.0005670000100508332,True
94,8,40,120,U,UNSAT,39,0.0013559609651565552,True
95,8,40,120,U,UNSAT,39,0.001374070008751005,True
96,8,40,120,U,UNSAT,39,0.0013749169884249568,True
97,8,40,120,U,UNSAT,39,0.001343875948805362,True
98,8,40,120,U,UNSAT,39,0.0013796309940516949,True
99,8,40,120,U,UNSAT,39,0.0013810740201734006,True
100,8,40,120,U,UNSAT,39,0.0013659020187333226,True
101,12,60,180,U,UNSAT,59,0.031160118989646435,True
102,12,60,180,S,SAT,60,0.00030586501816287637,True
103,12,60,180,U,UNSAT,58,0.031064181006513536,True
104,12,60,180,S,SAT,60,1.6295001842081547e-05,True
105,12,60,180,U,UNSAT,59,0.031181212980300188,True
106,12,60,180,U,UNSAT,59,0.031238263996783644,True
107,12,60,180,U,UNSAT,59,0.031275155022740364,True
108,12,60,180,U,UNSAT,59,0.031244582030922174,True
109,12,60,180,S,SAT,60,0.00014064298011362553,True
110,12,60,180,U,UNSAT,59,0.031117336999159306,True
111,16,80,240,U,UNSAT,79,0.6452132599661127,True
112,16,80,240,S,SAT,80,0.5948339060414582,True
113,16,80,240,U,UNSAT,79,0.6468939050100744,True
114,16,80,240,U,UNSAT,79,0.6457165069878101,True
115,16,80,240,U,UNSAT,79,0.6474340420099907,True
116,16,80,240,U,UNSAT,79,0.6478832910070196,True
117,16,80,240,U,UNSAT,79,0.6474453809787519,True
118,16,80,240,U,UNSAT,78,0.643564615980722,True
119,16,80,240,U,UNSAT,78,0.6524477259954438,True
120,16,80,240,S,SAT,80,0.5611919799703173,True
121,18,90,270,U,UNSAT,89,2.8932135319919325,True
122,18,90,270,U,UNSAT,89,2.8941846059751697,True
123,18,90,270,U,UNSAT,89,2.8929818749893457,True
124,18,90,270,U,UNSAT,89,2.8964529469958507,True
125,18,90,270,U,UNSAT,89,2.8997061860281974,True
126,18,90,270,S,SAT,90,0.7702978379675187,True
127,18,90,270,S,SAT,90,0.02560509298928082,True
128,18,90,270,S,SAT,90,2.653396151959896,True
129,18,90,270,U,UNSAT,89,2.9050427250331268,True
130,18,90,270,S,SAT,90,0.9114263199735433,True
131,20,100,300,S,SAT,100,9.276694635977037,True
132,20,100,300,U,UNSAT,98,12.824898544989992,True
133,20,100,300,S,SAT,100,0.554839376010932,True
134,20,100,300,U,UNSAT,98,12.79038505803328,True
135,20,100,300,S,SAT,100,8.761326697014738,True
136,20,100,300,U,UNSAT,98,12.789069585036486,True
137,20,100,300,U,UNSAT,99,12.74297324102372,True
138,20,100,300,S,SAT,100,12.716237812011968,True
139,20,100,300,U,UNSAT,99,12.781147342990153,True
140,20,100,300,U,UNSAT,99,12.759923951991368,True
141,22,110,330,S,TIMEOUT,,15,False
142,22,110,330,S,TIMEOUT,,15,False
143,22,110,330,U,TIMEOUT,,15,False
144,22,110,330,U,TIMEOUT,,15,False
145,22,110,330,U,TIMEOUT,,15,False
146,22,110,330,U,TIMEOUT,,15,False
147,22,110,330,U,TIMEOUT,,15,False
148,22,110,330,U,TIMEOUT,,15,False
149,22,110,330,S,SAT,110,3.21885636303341,True
150,22,110,330,S,SAT,110,2.4280553570133634,True
151,24,120,360,U,TIMEOUT,,15,False
152,24,120,360,U,TIMEOUT,,15,False
153,24,120,360,U,TIMEOUT,,15,False
154,24,120,360,U,TIMEOUT,,15,False
155,24,120,360,U,TIMEOUT,,15,False
156,24,120,360,U,TIMEOUT,,15,False
157,24,120,360,U,TIMEOUT,,15,False
158,24,120,360,U,TIMEOUT,,15,False
159,24,120,360,U,TIMEOUT,,15,False
160,24,120,360,U,TIMEOUT,,15,False
161,4,40,160,S,SAT,40,4.734197864308953e-05,True
162,4,40,160,U,UNSAT,39,9.251903975382447e-05,True
163,4,40,160,U,UNSAT,39,8.896802319213748e-05,True
164,4,40,160,S,SAT,40,6.255297921597958e-05,True
165,4,40,160,S,SAT,40,6.563297938555479e-05,True
166,4,40,160,S,SAT,40,5.3379975724965334e-05,True
167,4,40,160,S,SAT,40,2.7613015845417976e-05,True
168,4,40,160,S,SAT,40,2.1714018657803535e-05,True
169,4,40,160,S,SAT,40,8.937198435887694e-05,True
170,4,40,160,S,SAT,40,1.7695012502372265e-05,True
171,8,80,320,S,SAT,80,0.0005681359907612205,True
172,8,80,320,S,SAT,80,6.153597496449947e-05,True
173,8,80,320,S,SAT,80,0.00034617300843819976,True
174,8,80,320,S,SAT,80,0.0004627129528671503,True
175,8,80,320,S,SAT,80,4.344701301306486e-05,True
176,8,80,320,U,UNSAT,79,0.002596141945105046,True
177,8,80,320,U,UNSAT,79,0.00253803504165262,True
178,8,80,320,S,SAT,80,0.0022198999649845064,True
179,8,80,320,U,UNSAT,79,0.0025686879525892437,True
180,8,80,320,U,UNSAT,79,0.002538295986596495,True
181,12,120,480,S,SAT,120,0.038051838986575603,True
182,12,120,480,S,SAT,120,0.04135971702635288,True
183,12,120,480,S,SAT,120,0.0004112820024602115,True
184,12,120,480,U,UNSAT,119,0.06004641600884497,True
185,12,120,480,S,SAT,120,0.03909039497375488,True
186,12,120,480,S,SAT,120,0.009375869005452842,True
187,12,120,480,U,UNSAT,119,0.0596015959745273,True
188,12,120,480,U,UNSAT,119,0.059481862001121044,True
189,12,120,480,U,UNSAT,119,0.05929593200562522,True
190,12,120,480,U,UNSAT,119,0.06008602399379015,True
191,16,160,640,S,SAT,160,0.48669170803623274,True
192,16,160,640,U,UNSAT,159,1.253956985019613,True
193,16,160,640,U,UNSAT,158,1.2749259360134602,True
194,16,160,640,S,SAT,160,0.28462032100651413,True
195,16,160,640,S,SAT,160,0.3635587490280159,True
196,16,160,640,U,UNSAT,159,1.2746507539995946,True
197,16,160,640,U,UNSAT,159,1.2691787850344554,True
198,16,160,640,U,UNSAT,159,1.2621280170278624,True
199,16,160,640,S,SAT,160,0.43327079800656065,True
200,16,160,640,S,SAT,160,0.002892290009185672,True
201,18,180,720,S,SAT,180,0.3974148029810749,True
202,18,180,720,U,UNSAT,179,5.646980776975397,True
203,18,180,720,S,SAT,180,1.6265784759889357,True
204,18,180,720,U,UNSAT,179,5.6537947240285575,True
205,18,180,720,U,UNSAT,179,5.666434672020841,True
206,18,180,720,S,SAT,180,1.8172852550051175,True
207,18,180,720,U,UNSAT,179,5.676016118028201,True
208,18,180,720,S,SAT,180,1.173714921984356,True
209,18,180,720,U,UNSAT,179,5.7065767560270615,True
210,18,180,720,U,UNSAT,179,5.7098942110314965,True
211,20,200,800,S,SAT,200,11.544688473048154,True
212,20,200,800,U,TIMEOUT,,15,False
213,20,200,800,S,SAT,200,0.6965849840198644,True
214,20,200,800,S,SAT,200,9.991897399013396,True
215,20,200,800,U,TIMEOUT,,15,False
216,20,200,800,U,TIMEOUT,,15,False
217,20,200,800,S,SAT,200,0.9404968319577165,True
218,20,200,800,U,TIMEOUT,,15,False
219,20,200,800,S,SAT,200,8.433586399012711,True
220,20,200,800,U,TIMEOUT,,15,False
221,22,220,880,U,TIMEOUT,,15,False
222,22,220,880,U,TIMEOUT,,15,False
223,22,220,880,S,TIMEOUT,,15,False
224,22,220,880,U,TIMEOUT,,15,False
225,22,220,880,S,TIMEOUT,,15,False
226,22,220,880,U,TIMEOUT,,15,False
227,22,220,880,S,TIMEOUT,,15,False
228,22,220,880,U,TIMEOUT,,15,False
229,22,220,880,S,TIMEOUT,,15,False
230,22,220,880,U,TIMEOUT,,15,False
231,24,240,960,U,TIMEOUT,,15,False
232,24,240,960,S,TIMEOUT,,15,False
233,24,240,960,U,TIMEOUT,,15,False
234,24,240,960,S,TIMEOUT,,15,False
235,24,240,960,S,TIMEOUT,,15,False
236,24,240,960,U,TIMEOUT,,15,False
237,24,240,960,S,TIMEOUT,,15,False
238,24,240,960,S,TIMEOUT,,15,False
239,24,240,960,U,TIMEOUT,,15,False
240,24,240,960,S,TIMEOUT,,15,False
241,4,40,200,S,SAT,40,3.842602018266916e-05,True
242,4,40,200,S,SAT,40,6.001035217195749e-06,True
243,4,40,200,S,SAT,40,4.769297083839774e-05,True
244,4,40,200,S,SAT,40,6.4889900386333466e-06,True
245,4,40,200,S,SAT,40,1.8853985238820314e-05,True
246,4,40,200,S,SAT,40,6.203015800565481e-06,True
247,4,40,200,S,SAT,40,2.99760140478611e-05,True
248,4,40,200,S,SAT,40,9.167002281174064e-05,True
249,4,40,200,S,SAT,40,4.0512008126825094e-05,True
250,4,40,200,S,SAT,40,6.113958079367876e-06,True
251,8,80,400,S,SAT,80,8.548999903723598e-05,True
252,8,80,400,S,SAT,80,4.3223961256444454e-05,True
253,8,80,400,S,SAT,80,6.375799421221018e-05,True
254,8,80,400,S,SAT,80,5.3263967856764793e-05,True
255,8,80,400,S,SAT,80,0.0003607950056903064,True
256,8,80,400,S,SAT,80,5.385000258684158e-05,True
257,8,80,400,S,SAT,80,0.00035556498914957047,True
258,8,80,400,S,SAT,80,0.0001790919923223555,True
259,8,80,400,S,SAT,80,0.0002538329572416842,True
260,8,80,400,S,SAT,80,0.0013248539762571454,True
261,12,120,600,S,SAT,120,0.009287640976253897,True
262,12,120,600,S,SAT,120,0.0005078579997643828,True
263,12,120,600,S,SAT,120,0.0010359289590269327,True
264,12,120,600,S,SAT,120,0.0039856910007074475,True
265,12,120,600,S,SAT,120,0.0008018919616006315,True
266,12,120,600,S,SAT,120,0.00830714701442048,True
267,12,120,600,S,SAT,120,0.003797748009674251,True
268,12,120,600,S,SAT,120,0.000161417992785573,True
269,12,120,600,S,SAT,120,4.4849992264062166e-05,True
270,12,120,600,S,SAT,120,0.015552380995359272,True
271,16,160,800,S,SAT,160,0.0010391980176791549,True
272,16,160,800,S,SAT,160,0.005995029991026968,True
273,16,160,800,S,SAT,160,0.17455480800708756,True
274,16,160,800,S,SAT,160,0.005462522036395967,True
275,16,160,800,S,SAT,160,0.023380450962577015,True
276,16,160,800,S,SAT,160,0.003895708010531962,True
277,16,160,800,S,SAT,160,0.0026663890457712114,True
278,16,160,800,S,SAT,160,0.0033649320248514414,True
279,16,160,800,S,SAT,160,0.004073812975548208,True
280,16,160,800,S,SAT,160,0.0170939689851366,True
281,18,180,900,S,SAT,180,0.023714989016298205,True
282,18,180,900,S,SAT,180,0.004241372982505709,True
283,18,180,900,S,SAT,180,0.0022234669886529446,True
284,18,180,900,S,SAT,180,0.024605123966466635,True
285,18,180,900,S,SAT,180,0.041143059032037854,True
286,18,180,900,S,SAT,180,0.037832283007446676,True
287,18,180,900,S,SAT,180,0.023599684005603194,True
288,18,180,900,S,SAT,180,0.07923587702680379,True
289,18,180,900,S,SAT,180,0.05018556897994131,True
290,18,180,900,S,SAT,180,0.02604866900946945,True
291,20,200,1000,S,SAT,200,0.4518552799709141,True
292,20,200,1000,S,SAT,200,0.4598702230141498,True
293,20,200,1000,S,SAT,200,0.08589743002085015,True
294,20,200,1000,S,SAT,200,0.10225334198912606,True
295,20,200,1000,S,SAT,200,0.16539795399876311,True
296,20,200,1000,S,SAT,200,0.300744537031278,True
297,20,200,1000,S,SAT,200,0.13724573102081195,True
298,20,200,1000,S,SAT,200,0.027982779953163117,True
299,20,200,1000,S,SAT,200,0.03816048405133188,True
300,20,200,1000,S,SAT,200,0.014640074979979545,True
301,22,220,1100,S,SAT,220,2.2224336430081166,True
302,22,220,1100,S,SAT,220,3.670337175950408,True
303,22,220,1100,S,SAT,220,0.21130244998494163,True
304,22,220,1100,S,SAT,220,0.9055939289974049,True
305,22,220,1100,S,SAT,220,0.00850898097269237,True
306,22,220,1100,S,SAT,220,0.011948138999287039,True
307,22,220,1100,S,SAT,220,0.22080762195400894,True
308,22,220,1100,S,SAT,220,0.19986798299942166,True
309,22,220,1100,S,SAT,220,0.16037152404896915,True
310,22,220,1100,S,SAT,220,0.06910906394477934,True
311,24,240,1200,S,SAT,240,0.11766164295841008,True
312,24,240,1200,S,SAT,240,0.6480123369838111,True
313,24,240,1200,S,SAT,240,0.0005689169629476964,True
314,24,240,1200,S,SAT,240,0.31467702495865524,True
315,24,240,1200,S,SAT,240,3.0636251200339757,True
316,24,240,1200,S,SAT,240,0.2062028549844399,True
317,24,240,1200,S,SAT,240,0.06044323701644316,True
318,24,240,1200,S,SAT,240,2.5910415980033576,True
319,24,240,1200,S,SAT,240,0.2614734349772334,True
320,24,240,1200,S,SAT,240,0.6762408670037985,True
321,4,40,240,S,SAT,40,7.199996616691351e-06,True
322,4,40,240,S,SAT,40,1.2857955880463123e-05,True
323,4,40,240,S,SAT,40,6.636022590100765e-06,True
324,4,40,240,S,SAT,40,7.236027158796787e-06,True
325,4,40,240,S,SAT,40,2.3311993572860956e-05,True
326,4,40,240,S,SAT,40,5.834037438035011e-06,True
327,4,40,240,S,SAT,40,6.079033482819796e-06,True
328,4,40,240,S,SAT,40,5.838985089212656e-06,True
329,4,40,240,S,SAT,40,5.876005161553621e-06,True
330,4,40,240,S,SAT,40,1.7259037122130394e-05,True
331,8,80,480,S,SAT,80,2.1532992832362652e-05,True
332,8,80,480,S,SAT,80,0.00019037799211218953,True
333,8,80,480,S,SAT,80,5.365099059417844e-05,True
334,8,80,480,S,SAT,80,6.943097105249763e-05,True
335,8,80,480,S,SAT,80,3.315502544865012e-05,True
336,8,80,480,S,SAT,80,0.0003386690514162183,True
337,8,80,480,S,SAT,80,1.1549971532076597e-05,True
338,8,80,480,S,SAT,80,5.3453026339411736e-05,True
339,8,80,480,S,SAT,80,7.495697354897857e-05,True
340,8,80,480,S,SAT,80,1.9561033695936203e-05,True
341,12,120,720,S,SAT,120,9.837298421189189e-05,True
342,12,120,720,S,SAT,120,7.803202606737614e-05,True
343,12,120,720,S,SAT,120,0.0006683700485154986,True
344,12,120,720,S,SAT,120,6.359402323141694e-05,True
345,12,120,720,S,SAT,120,0.00032315298449248075,True
346,12,120,720,S,SAT,120,4.632998025044799e-05,True
347,12,120,720,S,SAT,120,1.584499841555953e-05,True
348,12,120,720,S,SAT,120,0.00019715598318725824,True
349,12,120,720,S,SAT,120,0.0011376129696145654,True
350,12,120,720,S,SAT,120,1.62840005941689e-05,True
351,16,160,960,S,SAT,160,0.002946015971247107,True
352,16,160,960,S,SAT,160,0.0004850539844483137,True
353,16,160,960,S,SAT,160,0.0006653969758190215,True
354,16,160,960,S,SAT,160,0.00031501997727900743,True
355,16,160,960,S,SAT,160,0.0006777190137654543,True
356,16,160,960,S,SAT,160,0.0021965749911032617,True
357,16,160,960,S,SAT,160,0.013211974990554154,True
358,16,160,960,S,SAT,160,0.0009937710128724575,True
359,16,160,960,S,SAT,160,0.0004195889923721552,True
360,16,160,960,S,SAT,160,7.857999298721552e-05,True
361,18,180,1080,S,SAT,180,0.011799155035987496,True
362,18,180,1080,S,SAT,180,4.883704241365194e-05,True
363,18,180,1080,S,SAT,180,0.00044283701572567225,True
364,18,180,1080,S,SAT,180,0.00010557804489508271,True
365,18,180,1080,S,SAT,180,0.0030465079471468925,True
366,18,180,1080,S,SAT,180,0.001872415014076978,True
367,18,180,1080,S,SAT,180,6.909103831276298e-05,True
368,18,180,1080,S,SAT,180,0.00037716201040893793,True
369,18,180,1080,S,SAT,180,0.00016550603322684765,True
370,18,180,1080,S,SAT,180,0.0004032740253023803,True
371,20,200,1200,S,SAT,200,0.006138002034276724,True
372,20,200,1200,S,SAT,200,0.01092323096236214,True
373,20,200,1200,S,SAT,200,0.006930647999979556,True
374,20,200,1200,S,SAT,200,0.0001820020261220634,True
375,20,200,1200,S,SAT,200,0.00208840798586607,True
376,20,200,1200,S,SAT,200,0.026075467991176993,True
377,20,200,1200,S,SAT,200,0.00829798198537901,True
378,20,200,1200,S,SAT,200,0.12036106799496338,True
379,20,200,1200,S,SAT,200,0.004582307999953628,True
380,20,200,1200,S,SAT,200,0.00233872898388654,True
381,22,220,1320,S,SAT,220,0.00876725697889924,True
382,22,220,1320,S,SAT,220,0.02169154502917081,True
383,22,220,1320,S,SAT,220,0.006558533001225442,True
384,22,220,1320,S,SAT,220,0.11718507402110845,True
385,22,220,1320,S,SAT,220,2.8978975024074316e-05,True
386,22,220,1320,S,SAT,220,0.0719122210284695,True
387,22,220,1320,S,SAT,220,0.012517120980191976,True
388,22,220,1320,S,SAT,220,0.004054388031363487,True
389,22,220,1320,S,SAT,220,0.0009461930021643639,True
390,22,220,1320,S,SAT,220,0.007111067010555416,True
391,24,240,1440,S,SAT,240,0.0005866749561391771,True
392,24,240,1440,S,SAT,240,0.00017796200700104237,True
393,24,240,1440,S,SAT,240,0.00020844402024522424,True
394,24,240,1440,S,SAT,240,8.747202809900045e-05,True
395,24,240,1440,S,SAT,240,0.0008054180070757866,True
396,24,240,1440,S,SAT,240,0.003394305007532239,True
397,24,240,1440,S,SAT,240,0.00021618901519104838,True
398,24,240,1440,S,SAT,240,0.09736151498509571,True
399,24,240,1440,S,SAT,240,0.06149204896064475,True
400,24,240,1440,S,SAT,240,0.012309877027291805,True
